"Status","Start Time","Stop Time","Duration in ms","Parent Suite","Suite","Sub Suite","Test Class","Test Method","Name","Description"
"passed","Thu Dec 31 12:09:57 GMT+08:00 2020","Thu Dec 31 12:09:57 GMT+08:00 2020","0","","test_calculator","Testcalcultor","","","test_calsub[getdatasub3]",""
"passed","Thu Dec 31 12:09:57 GMT+08:00 2020","Thu Dec 31 12:09:57 GMT+08:00 2020","1","","test_calculator","Testcalcultor","","","test_caladd[getdataadd4]",""
"passed","Thu Dec 31 12:09:57 GMT+08:00 2020","Thu Dec 31 12:09:57 GMT+08:00 2020","2","","test_calculator","Testcalcultor","","","test_caladd[getdataadd5]",""
"passed","Thu Dec 31 12:09:57 GMT+08:00 2020","Thu Dec 31 12:09:57 GMT+08:00 2020","0","","test_calculator","Testcalcultor","","","test_caladd[getdataadd2]",""
"passed","Thu Dec 31 12:09:57 GMT+08:00 2020","Thu Dec 31 12:09:57 GMT+08:00 2020","1","","test_calculator","Testcalcultor","","","test_caldiv[getdatadiv4]",""
"passed","Thu Dec 31 12:09:57 GMT+08:00 2020","Thu Dec 31 12:09:57 GMT+08:00 2020","2","","test_calculator","Testcalcultor","","","test_calsub[getdatasub4]",""
"passed","Thu Dec 31 12:09:57 GMT+08:00 2020","Thu Dec 31 12:09:57 GMT+08:00 2020","1","","test_calculator","Testcalcultor","","","test_calmul[getdatamul4]",""
"passed","Thu Dec 31 12:09:57 GMT+08:00 2020","Thu Dec 31 12:09:57 GMT+08:00 2020","1","","test_calculator","Testcalcultor","","","test_caladd[getdataadd0]",""
"passed","Thu Dec 31 12:09:57 GMT+08:00 2020","Thu Dec 31 12:09:57 GMT+08:00 2020","1","","test_calculator","Testcalcultor","","","test_calsub[getdatasub1]",""
"passed","Thu Dec 31 12:09:57 GMT+08:00 2020","Thu Dec 31 12:09:57 GMT+08:00 2020","2","","test_calculator","Testcalcultor","","","test_calmul[getdatamul5]",""
"passed","Thu Dec 31 12:09:57 GMT+08:00 2020","Thu Dec 31 12:09:57 GMT+08:00 2020","0","","test_calculator","Testcalcultor","","","test_calmul[getdatamul2]",""
"passed","Thu Dec 31 12:09:57 GMT+08:00 2020","Thu Dec 31 12:09:57 GMT+08:00 2020","2","","test_calculator","Testcalcultor","","","test_caldiv[getdatadiv2]",""
"passed","Thu Dec 31 12:09:57 GMT+08:00 2020","Thu Dec 31 12:09:57 GMT+08:00 2020","1","","test_calculator","Testcalcultor","","","test_caldiv[getdatadiv1]",""
"passed","Thu Dec 31 12:09:57 GMT+08:00 2020","Thu Dec 31 12:09:57 GMT+08:00 2020","1","","test_calculator","Testcalcultor","","","test_calmul[getdatamul0]",""
"passed","Thu Dec 31 12:09:57 GMT+08:00 2020","Thu Dec 31 12:09:57 GMT+08:00 2020","1","","test_calculator","Testcalcultor","","","test_caladd[getdataadd1]",""
"passed","Thu Dec 31 12:09:57 GMT+08:00 2020","Thu Dec 31 12:09:57 GMT+08:00 2020","1","","test_calculator","Testcalcultor","","","test_caldiv[getdatadiv3]",""
"passed","Thu Dec 31 12:09:57 GMT+08:00 2020","Thu Dec 31 12:09:57 GMT+08:00 2020","0","","test_calculator","Testcalcultor","","","test_calsub[getdatasub2]",""
"passed","Thu Dec 31 12:09:57 GMT+08:00 2020","Thu Dec 31 12:09:57 GMT+08:00 2020","0","","test_calculator","Testcalcultor","","","test_calsub[getdatasub0]",""
"passed","Thu Dec 31 12:09:57 GMT+08:00 2020","Thu Dec 31 12:09:57 GMT+08:00 2020","3","","test_calculator","Testcalcultor","","","test_calsub[getdatasub5]",""
"passed","Thu Dec 31 12:09:57 GMT+08:00 2020","Thu Dec 31 12:09:57 GMT+08:00 2020","1","","test_calculator","Testcalcultor","","","test_caladd[getdataadd3]",""
"passed","Thu Dec 31 12:09:57 GMT+08:00 2020","Thu Dec 31 12:09:57 GMT+08:00 2020","1","","test_calculator","Testcalcultor","","","test_calmul[getdatamul3]",""
"passed","Thu Dec 31 12:09:57 GMT+08:00 2020","Thu Dec 31 12:09:57 GMT+08:00 2020","0","","test_calculator","Testcalcultor","","","test_caldiv[getdatadiv0]",""
"passed","Thu Dec 31 12:09:57 GMT+08:00 2020","Thu Dec 31 12:09:57 GMT+08:00 2020","1","","test_calculator","Testcalcultor","","","test_caldiv[getdatadiv5]",""
"passed","Thu Dec 31 12:09:57 GMT+08:00 2020","Thu Dec 31 12:09:57 GMT+08:00 2020","0","","test_calculator","Testcalcultor","","","test_calmul[getdatamul1]",""
